@MelbourneRebels,
@PaulAloEmile,Paul Alo-Emile
@kurtley_beale,Kurtley Beale
@tjfdavidson,Tim Davidson
@gdelve,Gareth Delve
@ScottyHiggers,Scott Higginbotham
@luke_jones91,Luke Jones
@Rebeljamesking,James King
@RichardKingi,Richard Kingi
@JamesOConnor832,James O'Connor
@Cadeyrn,Cadeyrn Neville
@Fanga9,Nick Phipps
@hughwpyle,Hugh Pyle
@AlexRokobaro,Alexander Rokobaro
@jsaffy,Jarrod Saffy
@RorySidey,Rory Sidey
@christhomson85,Chris Thomson
@CVUNA,Cooper Vuna
@L_Weeks,Laurie Weeks
