@TheSharksZA,
@JacquesBotes6,Jacques Botes
@Ants00,Anton Bresler
@marcell_coetzee,Marcel Coetzee
@KeeganDaniel,Keegan Daniel
@BismarckDuP,Bismarck du Plessis
@PieterSteph,Pieter-Steph du Toit
@MondeHadebe2,Monde Hadebe
@Kankowski,Ryan Kankowski
@jandre45,Jandre Marais
@Steven4Sykes,Steven Sykes
@conradhoffmann,Conrad Hoffmann
@PaulJordaan12,Paul Jordaan
@louisludik,Louis Ludik
@lwazimvovo,Lwazi Mvovo
@OdwaNdungane14,Odawa Ndungane
@jppietersen14,JP Pietersen
@c_reinach,Cobus Reinach
@sburasithole,Sibusiso Sithole
@riaanviljoen_15,Riaan Viljoen
@Timmy_Whitehead,Tim Whitehead
@WiehahnHerbst,Wiehahn Herbst
