@thewesternforce,
@rickobrown,Richard Brown
@NathanCharles2,Nathan Charles
@AngusCottrell,Angus Cottrell
@Pekcowan,Pekahou Cowan
@nckcmmns,Nick Cummins
@PaddyDellit,Paddy Dellit
@matthodgson678,Matt Hodgson
@kmanlongbottom,Kieran Longbottom
@AlfieMafi,Alfie Mafi
@SalesiManu,Salesi Manu
@AlbyMathewson,Alby Mathewson
@LockyMcCaffrey,Lachlan McCaffrey
@BenMcCalman,Ben McCalman
@juniorrasolea,Junior Rasolea
@brett_sheehan,Brett Sheehan
@MickSnowden,Mick Snowden
@EdStubbs12,Ed Stubbs
@rorywalton4,Rory Walton
@BenWhitt2,Ben Whittaker
@SamWykes4,Sam Wykes
@SalesiMaafu,Salesi Ma'afu
Dave Harvey,
salesi maaafu,
