@CastresOlympiq,
@MachBrice,Mach Brice
@yaforest11,Yannick Forestier
@samsonchristop2,Christophe Samson
@capo_ortega,Rodrigo Capo Ortega
@AntonieClaassen,Antonie Claasen
@diarra0837,Ibrahim Diarra
@Rory_Kockott,Rory Kockott
@LacrampeThierry,Thierry Lacrampe
@DanKirkpatrick_,Daniel Kirkpatrick
@remitalo,Remi Tales
@maxevans13,Max Evans
@Remilamerat,Remi Lamerat
@marceljgarvey,Marcel Garvey
@bonnefondpaul,Paul Bonnefond
@PGLakafia,Pierre Gilles Lakafia
@romartial,Romain Martial 
@BriceDulin,Brice Dulin
