@RacingMetro92,
@labrugne,Julien Brugnaut
@andrealocicero1,Andrea Lo Cicero
@Jpiorlandi,Juan Pablo Orlandi
@SzarzewskiDim2,Dimitri Szarzewski
@manuchocarizza,Manuel Carizza
@Metz67190,Fabrice Metz
@AntoineBattut,Antoine Battut
@CamilleGRDO,Camille Gerondeau
@bernardleroux67,Bernard Le Roux
@JacquesCronje8,Jacques Cronje
@MaximeMachenaud,Maxime Machenaud
@ollybarkley,Olly Barkley
@MathieuBELIE,Mathieu Belie
@HERNANDEZJUANI,Juan Martin Hernandez
@gbousses,Guillaume Bousses
@Faestebanez,Fabrice Estebanez
@MircoBergamasco,Mirco Bergamasco
@BenjaminFall,Benjamin Fall
@Imhoffjuan,Juan Imhoff
@JulienJane,Julien Jane
