@SFParisRugby,
@bonfilsremi,Remi Bonfils
@juliendupuy9,Julien Dupuy
@A_Flanquart,Alexandre Flanquart
@MissoupO,Olivier Missoup
@pascalpape,Pascal Pape
@Jules_plisson,Jules Plisson
@slimrab89,Rabah Slimani
@WVuidravuwalu,Waisea Vuidravuwalu
@boubie92,David Attoub
@hugobonneval,Hugo Bonneval
@camaradjibril4,Djbril Camara
@doumgeof,Doumayrou Geoffrey
@jeromefillol,Jerome Fillol
@sergioparisse,Sergio Parisse
@PierreRabadan,Pierre Rabadan
@MorganTurinui,Morgan Turinui
@AvanZylza,Anton Van Zyl
